Date/Time,Green Algae,Bluegreen,Diatoms,Cryptophyta,Yellow substances,Total conc.,Transmission,Depth,Temp. Sample,Site
date,µg/l,µg/l,µg/l,µg/l,µg/l,µg/l,%,m,°C,
9/4/2018 10:05,0,1.45,0,0,0,1.45,95.8,-1.12,23.68,
9/4/2018 10:05,3.43,0,0,0,0,3.43,95.85,-1.12,23.68,
9/4/2018 10:05,0,1.63,0,0,0.38,1.63,97.78,-1.12,23.69,
9/4/2018 10:05,0,0,0,0,0,0,97.87,-1.12,23.69,
9/4/2018 10:05,1.59,0.44,0,0,0,2.02,96.5,-1.12,23.68,
9/4/2018 10:05,0.21,0.29,0,0,0.01,0.5,96.46,-1.12,23.69,
9/4/2018 10:05,0,0,0.34,0.7,0,1.04,97.23,-1.13,23.68,
9/4/2018 10:05,0,0.75,0.64,0,0,1.39,97.21,-1.13,23.68,
9/4/2018 10:05,0,1.58,0,0,0,1.58,96.32,-1.12,23.69,
9/4/2018 10:05,0,1.37,0,0,0,1.37,96.29,-1.13,23.68,
9/4/2018 10:05,2.09,2.3,0,0,0,4.39,95.25,-1.12,23.68,
9/4/2018 10:05,3.08,0.6,0,0.69,0,4.36,95.54,-1.13,23.68,
9/4/2018 10:05,0,1.66,0,0,0.1,1.66,96.93,-1.12,23.68,
9/4/2018 10:06,1.77,0,0,0,0,1.77,95.82,-1.12,23.68,
9/4/2018 10:06,3.48,0,0,0,0,3.48,97.55,-1.12,23.69,
9/4/2018 10:06,0,0,0,0,0,0,96.56,-1.13,23.69,
9/4/2018 10:06,0,2.2,0,0.35,0,2.56,97.29,-1.12,23.69,
9/4/2018 10:06,0,0.51,0,0,0.04,0.51,97.27,-1.13,23.69,
9/4/2018 10:06,5.47,0.61,0,0,0.18,6.08,93.27,-1.13,23.7,
9/4/2018 10:06,0,0,0,0,0,0,97.44,-1.13,23.69,
9/4/2018 10:06,0,0.63,1.76,0,0,2.39,95.71,-1.12,23.68,
9/4/2018 10:06,9.73,3.95,0,0,0,13.69,99.65,-0.98,24.04,
9/4/2018 10:06,9.11,8.67,3.97,0,0.53,21.74,100,-0.86,24.5,
9/4/2018 10:06,5.57,7.13,6.22,0,0.63,18.93,100,-0.4,24.6,
9/4/2018 10:06,2.42,2.96,8.85,0,0.58,14.23,100,0.23,24.61,Shack
9/4/2018 10:06,6.63,3.48,7.77,0,0.57,17.88,100,0.33,24.56,Shack
9/4/2018 10:06,9.52,5.07,6.88,0,0.41,21.47,100,0.34,24.56,Shack
9/4/2018 10:06,6.53,3.68,6.91,0.77,0.68,17.89,100,0.34,24.6,Shack
9/4/2018 10:06,5.77,3.48,6.78,0.18,0.54,16.21,100,0.84,24.59,Shack
9/4/2018 10:06,10.12,3.74,5.37,0,0.43,19.23,100,1.64,24.58,Shack
9/4/2018 10:06,8.02,3.99,5.67,0,0.59,17.69,100,1.81,24.57,Shack
9/4/2018 10:06,7.68,3.48,5.81,0,0.64,16.96,100,1.97,24.57,Shack
9/4/2018 10:06,8.46,3.43,5.32,0,0.49,17.22,100,2.53,24.57,Shack
9/4/2018 10:06,5.19,3.77,6.06,0,0.65,15.01,100,2.56,24.57,Shack
9/4/2018 10:06,9.35,3.21,4.96,0,0.52,17.51,100,2.57,24.58,Shack
9/4/2018 10:06,7.61,3.79,5.94,0,0.48,17.33,100,2.61,24.58,Shack
9/4/2018 10:06,7.9,3.59,5.55,0,0.54,17.04,100,2.58,24.57,Shack
9/4/2018 10:06,7.1,3.03,5.65,0,0.57,15.78,100,2.58,24.58,Shack
9/4/2018 10:07,8,3.28,5.45,0,0.53,16.73,100,2.69,24.57,Shack
9/4/2018 10:07,7.17,3.43,5.13,0,0.62,15.73,100,3.62,24.57,Shack
9/4/2018 10:07,6.9,3.69,5.27,0,0.62,15.86,100,3.93,24.56,Shack
9/4/2018 10:07,7,3.77,5.57,0,0.55,16.34,100,4.01,24.56,Shack
9/4/2018 10:07,6.85,3.51,5.3,0,0.6,15.66,100,4.19,24.54,Shack
9/4/2018 10:07,7.52,3.7,5.19,0,0.56,16.41,100,4.77,24.55,Shack
9/4/2018 10:07,6.48,3.47,5.39,0,0.64,15.35,100,4.84,24.55,Shack
9/4/2018 10:07,7.56,3.55,5.29,0,0.56,16.4,100,4.85,24.54,Shack
9/4/2018 10:07,6.99,3.28,5.11,0,0.63,15.38,100,4.87,24.56,Shack
9/4/2018 10:07,7.68,3.97,4.76,0,0.6,16.41,100,4.88,24.56,Shack
9/4/2018 10:07,6.37,3.69,5.08,0,0.65,15.14,100,5.17,24.54,Shack
9/4/2018 10:07,6.69,3.54,4.72,0,0.65,14.94,100,5.87,24.54,Shack
9/4/2018 10:07,6.3,3.39,4.96,0,0.66,14.64,100,5.97,24.54,Shack
9/4/2018 10:07,6.64,3.29,4.81,0,0.65,14.74,100,5.96,24.54,Shack
9/4/2018 10:07,7.28,3.38,4.53,0,0.63,15.2,100,5.97,24.54,Shack
9/4/2018 10:07,6.15,3.45,4.37,0,0.69,13.98,100,6.57,24.53,Shack
9/4/2018 10:07,6.75,3.02,3.75,0,0.71,13.52,100,7.2,24.54,Shack
9/4/2018 10:07,6.56,3.14,3.62,0,0.71,13.32,100,7.25,24.53,Shack
9/4/2018 10:07,6.44,3.16,3.94,0,0.69,13.54,100,7.26,24.54,Shack
9/4/2018 10:07,6.39,4.08,3.73,0,0.68,14.2,100,7.27,24.53,Shack
9/4/2018 10:07,7.3,3.08,3.61,0,0.67,13.99,100,7.27,24.53,Shack
9/4/2018 10:07,6.52,3.17,3.78,0,0.73,13.46,100,7.28,24.53,Shack
9/4/2018 10:07,6.5,3.35,3.59,0,0.73,13.44,100,7.32,24.49,Shack
9/4/2018 10:07,4.98,2.59,4.05,0,0.81,11.62,100,8.06,24.34,Shack
9/4/2018 10:07,3.55,2.51,4.4,0,0.9,10.45,100,8.42,24.25,Shack
9/4/2018 10:08,4.91,2.52,4.03,0,0.82,11.46,100,8.43,24.33,Shack
9/4/2018 10:08,5.57,2.73,3.69,0,0.82,11.99,100,8.44,24.35,Shack
9/4/2018 10:08,3.85,2.28,3.44,0,0.88,9.56,100,9.01,24.04,Shack
9/4/2018 10:08,0.89,1.66,1.91,0,0.94,4.45,100,9.66,23.82,Shack
9/4/2018 10:08,2.01,1.67,2.6,0,0.92,6.28,100,9.67,23.94,Shack
9/4/2018 10:08,1.39,1.62,2.46,0,0.94,5.47,100,9.67,23.89,Shack
9/4/2018 10:08,1.22,1.4,1.74,0,0.96,4.36,100,9.85,23.73,Shack
9/4/2018 10:08,0.62,1.52,1.86,0,0.97,4.01,100,10.69,23.54,Shack
9/4/2018 10:08,0.99,1.45,1.66,0,0.97,4.1,100,10.89,23.56,Shack
9/4/2018 10:08,0.5,1.48,1.93,0,0.98,3.92,100,10.91,23.63,Shack
9/4/2018 10:08,0.72,1.49,1.87,0,0.95,4.09,100,10.92,23.62,Shack
9/4/2018 10:08,4.23,8.61,4.38,0,0,17.22,26.32,11.26,23.6,Shack
9/4/2018 10:08,1.84,16.61,7.43,0,0,25.88,3.21,11.25,23.57,
9/4/2018 10:08,5.27,16.83,6.86,0,0,28.96,26.96,11.08,23.56,
9/4/2018 10:08,1.63,6.17,3.5,0,0.84,11.3,96.37,10.48,23.55,
9/4/2018 10:08,0.08,1.82,1.92,0,0.97,3.81,100,9.75,23.52,
9/4/2018 10:08,0,1.22,1.4,0,0.97,2.62,100,8.95,23.5,
9/4/2018 10:08,0.16,1.37,1.52,0,0.97,3.06,100,8.19,23.56,
9/4/2018 10:08,0,1.74,1.83,0,0.97,3.57,100,7.93,23.57,
9/4/2018 10:08,0.62,2.01,1.79,0,0.96,4.41,93.77,7.78,23.54,
9/4/2018 10:08,0.75,2.02,2.03,0,0.95,4.81,100,7.45,23.67,
9/4/2018 10:08,3.3,2.24,2.78,0,0.87,8.32,100,6.82,24.09,
9/4/2018 10:08,6.19,3.03,3.62,0,0.73,12.84,100,6.01,24.46,
9/4/2018 10:08,6.38,3.43,4.49,0,0.65,14.3,100,5.21,24.52,
9/4/2018 10:08,6.32,3.3,5.15,0,0.63,14.77,100,4.38,24.53,
9/4/2018 10:08,7.87,3.62,5.21,0,0.54,16.7,100,3.56,24.54,
9/4/2018 10:09,6.78,3.42,4.97,0,0.65,15.17,100,2.71,24.56,
9/4/2018 10:09,7.33,3.23,4.43,0.19,0.66,15.19,100,1.96,24.57,
9/4/2018 10:09,5.73,3.42,5.92,0,0.58,15.06,100,1.21,24.58,
9/4/2018 10:09,9.33,4.3,4.28,0,0.65,17.91,100,1.07,24.58,
9/4/2018 10:09,5.63,3.5,5.45,0,0.69,14.57,100,0.68,24.58,
9/4/2018 10:09,7.69,4.66,5.55,0,0.49,17.89,100,-0.03,24.59,
9/4/2018 10:09,3.61,2.85,9.32,0,0.36,15.78,100,-0.64,24.62,
9/4/2018 10:09,0.81,0,1.89,0,0,2.7,84.65,-1.04,24.62,
9/4/2018 10:09,0,0,0,0,0,0,93.65,-1.09,24.56,
9/4/2018 10:09,0,0,0,0,0.04,0,93.61,-1.12,24.46,
9/4/2018 10:09,0,0,0,0,0,0,96.38,-1.13,24.33,
9/4/2018 10:09,2.71,0.71,0,0,0,3.42,96.03,-1.13,24.25,
9/4/2018 10:09,0,0.64,0,0,0,0.64,95.55,-1.13,24.22,
9/4/2018 10:09,0,0,0,0,0.15,0,96.27,-1.13,24.24,
9/4/2018 10:09,0,0,0,0,0,0,96.37,-1.13,24.26,
9/4/2018 10:09,1.93,0.55,0,0,0,2.48,95.6,-1.12,24.27,
9/4/2018 10:09,0,0,0,0,0.01,0,95.94,-1.13,24.28,
9/4/2018 10:09,0,0,0,0,0,0,95.83,-1.12,24.3,
9/4/2018 10:41,0,0,1.53,0,0.06,1.53,96.84,-1.11,23.5,
9/4/2018 10:41,0,0.43,0,0,0,0.43,98.09,-1.11,23.5,
9/4/2018 10:41,0,0,0,0,0.4,0,97.3,-1.12,23.5,
9/4/2018 10:41,0,0,0,0,0.23,0,97.61,-1.12,23.51,
9/4/2018 10:42,5.33,1.99,0,2.09,0.74,9.4,95.78,-0.88,24.24,
9/4/2018 10:42,6.14,3.45,6.06,0,0.88,15.65,100,-0.7,25.04,
9/4/2018 10:42,16.79,2.14,0,2.73,0.83,21.65,100,-0.68,25.06,
9/4/2018 10:42,6.55,3.76,5,0,0.82,15.31,100,-0.42,25.03,
9/4/2018 10:42,9.88,2.68,6.17,0,0.46,18.73,100,0.19,25,B109
9/4/2018 10:42,10.38,1.99,6.26,0,0.56,18.64,100,0.35,24.94,B109
9/4/2018 10:42,15.01,2.36,5.19,0,0.41,22.55,100,0.47,24.91,B109
9/4/2018 10:42,13.02,1.92,6.39,0.27,0.35,21.6,100,1.07,24.82,B109
9/4/2018 10:42,9.25,1.76,7.42,0,0.55,18.44,100,1.66,24.74,B109
9/4/2018 10:42,11.65,1.96,7.14,0,0.36,20.75,100,1.8,24.74,B109
9/4/2018 10:42,10.65,2.32,6.96,0,0.46,19.93,100,1.8,24.74,B109
9/4/2018 10:42,9.71,1.87,7.53,0,0.49,19.11,100,1.83,24.74,B109
9/4/2018 10:42,9.78,2.05,6.71,0,0.55,18.54,100,2.33,24.72,B109
9/4/2018 10:42,11.2,2.13,6.46,0,0.45,19.79,100,2.52,24.69,B109
9/4/2018 10:42,13.49,2.52,5.36,0,0.52,21.37,100,2.55,24.7,B109
9/4/2018 10:42,11.06,1.58,6.99,0,0.35,19.63,100,2.7,24.7,B109
9/4/2018 10:42,11.06,2.06,5.81,0.01,0.46,18.94,100,3.5,24.69,B109
9/4/2018 10:42,9.5,2.23,5.79,0,0.55,17.52,100,3.75,24.68,B109
9/4/2018 10:42,10.69,2.14,5.21,0,0.57,18.03,100,3.75,24.68,B109
9/4/2018 10:42,10.9,1.98,5.66,0,0.48,18.54,100,3.76,24.68,B109
9/4/2018 10:42,11.07,2.25,5.54,0,0.53,18.85,100,3.77,24.69,B109
9/4/2018 10:42,9.71,2.25,5.88,0,0.55,17.83,100,4.17,24.65,B109
9/4/2018 10:42,7.08,2.63,4.91,0,0.7,14.62,100,4.83,24.56,B109
9/4/2018 10:42,5.54,2.6,5.24,0,0.76,13.37,100,4.91,24.53,B109
9/4/2018 10:42,5.89,2.56,5.19,0,0.76,13.65,100,4.91,24.56,B109
9/4/2018 10:42,6.21,2.56,5.39,0,0.7,14.16,100,4.92,24.55,B109
9/4/2018 10:43,7.52,2.58,5.4,0,0.65,15.5,100,4.9,24.52,B109
9/4/2018 10:43,5.42,2.57,5.32,0,0.75,13.31,100,5.19,24.42,B109
9/4/2018 10:43,2.44,2.78,5.42,0,0.92,10.64,100,5.91,24.27,B109
9/4/2018 10:43,2.45,2.7,5.34,0,0.91,10.49,100,6,24.25,B109
9/4/2018 10:43,2.65,2.74,5.5,0,0.88,10.89,100,5.98,24.3,B109
9/4/2018 10:43,3.04,2.83,5.39,0,0.91,11.26,100,6.07,24.28,B109
9/4/2018 10:43,2.18,2.76,5.61,0,0.91,10.55,100,6.63,24.21,B109
9/4/2018 10:43,2.05,3.1,5.71,0,0.98,10.86,100,7.2,24.14,B109
9/4/2018 10:43,1.83,2.69,5.78,0,0.99,10.3,100,7.23,24.15,B109
9/4/2018 10:43,2.5,2.98,5.7,0,0.98,11.17,100,7.23,24.16,B109
9/4/2018 10:43,1.25,2.87,5.85,0,0.96,9.97,100,7.24,24.14,B109
9/4/2018 10:43,1.12,2.67,5.46,0,1,9.25,100,7.68,24.07,B109
9/4/2018 10:43,0,2.73,4.85,0,1.07,7.58,100,8.36,24,B109
9/4/2018 10:43,1.02,2.54,4.73,0,1.04,8.28,100,8.53,24,B109
9/4/2018 10:43,1.05,2.35,4.98,0,1.01,8.38,100,8.59,24.01,B109
9/4/2018 10:43,0.43,2.31,4.29,0,1.04,7.03,100,9.21,23.98,B109
9/4/2018 10:43,0.15,2.04,3.49,0,1.03,5.68,100,9.71,23.94,B109
9/4/2018 10:43,0.61,2.01,3.64,0,1.04,6.26,100,9.72,23.95,B109
9/4/2018 10:43,0.37,2.1,3.93,0,1.04,6.41,100,9.8,23.95,B109
9/4/2018 10:43,0.23,1.89,3.5,0,1.07,5.61,100,10.54,23.9,B109
9/4/2018 10:43,0.37,1.7,3.59,0,1.08,5.67,100,10.88,23.87,B109
9/4/2018 10:43,0.24,1.72,3.55,0,1.08,5.52,100,10.9,23.9,B109
9/4/2018 10:43,0.26,1.83,3.66,0,1.06,5.75,100,10.89,23.9,B109
9/4/2018 10:43,0,1.92,3.74,0,1.1,5.66,100,11.51,23.86,B109
9/4/2018 10:43,4.87,8.88,12.51,0,0.05,26.26,18.93,11.77,23.81,B109
9/4/2018 10:44,0,12.2,14.96,0,0.9,27.15,33.39,11.83,23.77,B109
9/4/2018 10:44,0,12.81,14.98,0,0.88,27.79,27.55,11.72,23.75,
9/4/2018 10:44,0,7.2,9.71,0,1.1,16.91,64.1,11.27,23.73,
9/4/2018 10:44,0.72,4.73,7.7,0,1.14,13.15,90.15,10.55,23.76,
9/4/2018 10:44,0,2.84,4.74,0,1.11,7.58,100,9.9,23.82,
9/4/2018 10:44,0.25,2.12,3.78,0,1.08,6.15,100,9.21,23.9,
9/4/2018 10:44,0.28,2,3.94,0,1.09,6.22,100,8.51,23.94,
9/4/2018 10:44,0.54,2.37,4.77,0,1.03,7.67,100,7.85,23.95,
9/4/2018 10:44,0.15,2.51,4.98,0,1.03,7.64,100,7.12,23.97,
9/4/2018 10:44,0.88,2.85,5.42,0,1.01,9.15,100,6.4,24,
9/4/2018 10:44,1.33,2.9,5.56,0,0.94,9.8,100,5.71,24.05,
9/4/2018 10:44,1.87,2.86,5.24,0,0.93,9.96,100,5.02,24.16,
9/4/2018 10:44,3.65,2.98,5.09,0,0.83,11.72,100,4.3,24.34,
9/4/2018 10:44,7.06,2.66,5.44,0,0.64,15.16,100,3.59,24.55,
9/4/2018 10:44,7.49,2.47,5.65,0,0.6,15.6,100,2.84,24.63,
9/4/2018 10:44,6.36,2.22,6.91,0,0.53,15.49,100,2.14,24.66,
9/4/2018 10:44,14.5,2.26,4.88,0,0.54,21.64,100,1.47,24.68,
9/4/2018 10:44,12.33,1.37,6.89,0,0.2,20.59,100,0.68,24.7,
9/4/2018 10:44,24.74,0.75,1.41,1.83,0.23,28.73,100,-0.13,24.76,
9/4/2018 10:44,7.33,1.15,4.83,1.75,0.42,15.05,82.16,-0.54,24.83,
9/4/2018 10:44,13.71,0,0,1.94,0,15.65,84.66,-0.91,24.87,
9/4/2018 10:44,0,0,0,0,0,0,93.82,-1.05,24.84,
9/4/2018 10:44,2.06,0,0,0,0.11,2.06,96.5,-1.04,24.78,
9/4/2018 10:44,0,0,0,0,0,0,96.43,-1.06,24.72,
9/4/2018 10:44,0,0,0,0,0,0,96.84,-1.07,24.64,
9/4/2018 10:45,0,0,0,0,0,0,95.82,-1.06,24.6,
9/4/2018 10:45,0,0.11,0,0,0,0.11,92.18,-1.05,24.58,
9/4/2018 10:45,0,0,1.1,0,0,1.1,92.99,-1.12,24.54,
9/4/2018 10:45,0,0.46,0.6,0,0,1.06,97.81,-1.13,24.49,
9/4/2018 10:45,0,0,0,0,0,0,96.18,-1.13,24.45,
9/4/2018 10:45,0,0,0,0,0.03,0,96.07,-1.13,24.45,
9/4/2018 10:45,0,0,0,0,0,0,96.62,-1.12,24.45,
9/4/2018 10:45,0,0,0,0,0,0,97.29,-1.12,24.44,
9/4/2018 10:45,2.94,0,0,0,0,2.94,96.87,-1.12,24.44,
9/4/2018 11:19,0,0,0,0,0.18,0,95.97,-1.12,24.79,
9/4/2018 11:20,0.32,0,0,0,0.01,0.32,94.24,-1.12,24.81,
9/4/2018 11:20,0,0.86,0.73,0,0,1.59,95.08,-1.12,24.82,
9/4/2018 11:20,0,0,0,0,0.35,0,94.79,-1.11,24.83,
9/4/2018 11:20,0,1.11,0,0,0,1.11,96.22,-1.12,24.83,
9/4/2018 11:20,0,1.05,0,0.22,0.16,1.27,95.71,-1.12,24.86,
9/4/2018 11:20,0,0,0,0,0,0,95.99,-1.12,24.87,
9/4/2018 11:20,3.74,2.01,0,0.77,0,6.52,89.4,-1.03,25.13,
9/4/2018 11:20,11.58,3.57,4.52,0,0.32,19.67,100,-0.84,25.47,
9/4/2018 11:20,7.92,3.59,4.75,0,0.38,16.26,100,-0.75,25.52,
9/4/2018 11:20,6.4,3.96,5.14,0,0.49,15.51,100,-0.64,25.51,
9/4/2018 11:20,6.88,3.73,5.84,0,0.38,16.45,100,-0.16,25.43,
9/4/2018 11:20,8.68,3.9,6.95,0.27,0.42,19.8,100,0.2,25.2,B125
9/4/2018 11:20,9.45,3.73,6.72,0.49,0.46,20.4,100,0.28,25.18,B125
9/4/2018 11:20,11.08,3.13,4.72,1.87,0.43,20.79,100,0.31,25.32,B125
9/4/2018 11:20,9.36,3.38,8.2,0.69,0.42,21.63,100,0.8,25.1,B125
9/4/2018 11:20,10.75,3.53,9.3,0,0.28,23.58,100,1.6,24.92,B125
9/4/2018 11:20,11.5,3.79,8.74,0,0.28,24.03,100,1.77,24.91,B125
9/4/2018 11:20,10.11,3.66,9.52,0,0.35,23.29,100,1.78,24.92,B125
9/4/2018 11:20,11.18,3.13,8.52,0,0.34,22.83,100,2.25,24.88,B125
9/4/2018 11:20,10.52,3.25,8.04,0,0.44,21.81,100,2.53,24.86,B125
9/4/2018 11:20,10.59,3.61,8.15,0,0.47,22.35,100,2.53,24.87,B125
9/4/2018 11:20,10.3,3.39,8.29,0,0.44,21.99,100,2.7,24.86,B125
9/4/2018 11:20,10.1,3.32,6.55,0,0.52,19.97,100,3.59,24.8,B125
9/4/2018 11:20,10.31,3.61,6.72,0,0.53,20.64,100,3.73,24.79,B125
9/4/2018 11:20,9.8,3.73,6.89,0,0.54,20.42,100,3.73,24.8,B125
9/4/2018 11:21,9.75,3.35,6.2,0,0.55,19.3,100,4.17,24.63,B125
9/4/2018 11:21,5.51,2.99,5.47,0,0.8,13.98,100,4.84,24.43,B125
9/4/2018 11:21,6.41,3.28,5.76,0,0.7,15.45,100,4.85,24.51,B125
9/4/2018 11:21,7.39,3.23,6.08,0,0.62,16.7,100,4.85,24.64,B125
9/4/2018 11:21,6.13,2.94,5.95,0,0.74,15.02,100,5.5,24.37,B125
9/4/2018 11:21,1.98,2.91,4.56,0,0.94,9.45,100,5.97,24.12,B125
9/4/2018 11:21,3.39,2.84,5.15,0,0.9,11.38,100,5.96,24.25,B125
9/4/2018 11:21,4.4,2.77,5.11,0,0.84,12.29,100,6.18,24.19,B125
9/4/2018 11:21,1.7,2.49,4.17,0,0.99,8.36,100,7.14,23.95,B125
9/4/2018 11:21,1.64,2.42,4.23,0,0.98,8.29,100,7.26,23.95,B125
9/4/2018 11:21,1.95,2.63,4.14,0,0.96,8.72,100,7.26,23.98,B125
9/4/2018 11:21,2.04,2.42,4.33,0,0.95,8.78,100,7.77,23.87,B125
9/4/2018 11:21,0.43,1.94,4.13,0,1.04,6.5,100,8.48,23.8,B125
9/4/2018 11:21,0.99,2.24,3.93,0,1.02,7.17,100,8.51,23.83,B125
9/4/2018 11:21,0.92,2.32,4.01,0,1.01,7.25,100,8.5,23.85,B125
9/4/2018 11:21,1.29,2.22,3.97,0,1.01,7.49,100,8.9,23.78,B125
9/4/2018 11:21,1.03,1.45,2.95,0,0.99,5.42,100,9.7,23.66,B125
9/4/2018 11:21,0.65,1.5,3.03,0,1.01,5.18,100,9.78,23.69,B125
9/4/2018 11:21,0.63,1.75,3.45,0,1.03,5.84,100,9.78,23.75,B125
9/4/2018 11:21,0.83,1.75,3.55,0,1.03,6.14,100,9.81,23.74,B125
9/4/2018 11:21,0.44,1.62,3,0,1.01,5.06,100,10.59,23.6,B125
9/4/2018 11:21,0.21,1.13,2.57,0,1.01,3.91,100,10.86,23.49,B125
9/4/2018 11:21,0.48,1.24,2.62,0,1.01,4.34,100,10.87,23.57,B125
9/4/2018 11:21,4.19,10.57,7.64,0,0.44,22.4,81.93,11.24,23.52,B125
9/4/2018 11:21,5.78,29.91,15.56,0,0,51.25,26.76,10.97,23.48,
9/4/2018 11:22,3.21,10.31,6.94,0,0.75,20.46,91.09,10.05,23.47,
9/4/2018 11:22,0.76,3.47,3.68,0,1,7.91,100,8.91,23.53,
9/4/2018 11:22,0.43,1.68,3.29,0,1.02,5.4,100,7.79,23.64,
9/4/2018 11:22,0.94,2.09,3.76,0,1.02,6.8,100,6.73,23.7,
9/4/2018 11:22,0.93,2.3,4.03,0,1.02,7.26,100,5.72,23.79,
9/4/2018 11:22,2.73,2.73,3.99,0,0.96,9.46,100,4.83,23.87,
9/4/2018 11:22,2.18,3.1,5.23,0,0.92,10.52,100,4.13,23.95,
9/4/2018 11:22,3.49,2.93,4.99,0,0.89,11.41,100,3.5,24.01,
9/4/2018 11:22,8.19,3.31,5.87,0,0.61,17.37,100,2.54,24.41,
9/4/2018 11:22,9.27,3.49,7.36,0,0.49,20.13,100,1.65,24.74,
9/4/2018 11:22,12.03,3.47,8.65,0.18,0.34,24.33,100,0.84,24.82,
9/4/2018 11:22,10.55,3.64,10.22,0.22,0.32,24.64,100,0.12,24.91,
9/4/2018 11:22,9.16,3.59,7.25,0.43,0.62,20.44,100,-0.63,25.17,
9/4/2018 11:22,1.68,0,0.83,0,0.13,2.51,100,-1.06,25.33,
9/4/2018 11:22,0,0,0,0,0,0,97.33,-1.09,25.18,
9/4/2018 11:22,0,1.35,0,0,0,1.35,91.37,-1.13,24.97,
9/4/2018 11:22,0,0.9,0,0,0,0.9,96.38,-1.12,24.8,
9/4/2018 11:22,0,0,0,0,0.17,0,96.53,-1.12,24.72,
9/4/2018 11:22,0,0,0,0,0,0,96.48,-1.13,24.67,
9/4/2018 11:22,0,0,0,0,0.2,0,96.19,-1.13,24.62,
9/4/2018 11:22,0,0,0,0,0,0,97.2,-1.12,24.58,
9/4/2018 11:22,0,0,0,0,0.26,0,97.24,-1.13,24.54,
9/4/2018 11:47,0,0.1,0,0,0.15,0.1,96.01,-1.13,24.04,
9/4/2018 11:47,0,0.28,0,0,0,0.28,95.43,-1.13,24.02,
9/4/2018 11:47,0,1.43,0,0,0.13,1.43,95.5,-1.13,24.02,
9/4/2018 11:47,0,0.89,0,0,0,0.89,95.48,-1.12,24.04,
9/4/2018 11:47,0,1.19,0,0,0.01,1.19,93.26,-1.13,24.04,
9/4/2018 11:47,0,0,0,0,0,0,96.27,-1.13,24.02,
9/4/2018 11:47,0.68,0.71,0,0,0,1.39,95.45,-1.14,24,
9/4/2018 11:47,3.94,0.59,0,0.54,0,5.06,89.78,-1.04,24.34,
9/4/2018 11:47,0,4.17,5.72,0,0.55,9.9,100,-0.89,25.23,
9/4/2018 11:47,12.5,3.08,2.3,0,0.53,17.89,100,-0.85,25.57,
9/4/2018 11:47,10.24,3.56,3.14,0,0.57,16.94,100,-0.72,25.53,
9/4/2018 11:48,8.04,3.1,4.13,0,0.57,15.27,100,-0.35,25.45,
9/4/2018 11:48,8.97,2.94,4.58,0,0.6,16.49,100,0.11,25.35,3MB
9/4/2018 11:48,10.45,2.7,4.34,0,0.53,17.49,100,0.22,25.27,3MB
9/4/2018 11:48,12.85,2.85,3.78,0,0.46,19.48,100,0.23,25.29,3MB
9/4/2018 11:48,8.93,2.61,5.13,0,0.58,16.68,100,0.48,25.2,3MB
9/4/2018 11:48,7.83,2.97,4.92,0,0.64,15.72,100,1.17,24.98,3MB
9/4/2018 11:48,7.77,2.75,5.02,0,0.57,15.55,100,1.77,24.91,3MB
9/4/2018 11:48,10.03,2.67,4.56,0,0.55,17.26,100,1.77,24.91,3MB
9/4/2018 11:48,8.13,2.58,4.96,0,0.6,15.67,100,2.06,24.88,3MB
9/4/2018 11:48,8.99,2.58,4.45,0,0.54,16.02,100,2.58,24.83,3MB
9/4/2018 11:48,9.38,2.58,4.25,0,0.57,16.21,100,2.61,24.83,3MB
9/4/2018 11:48,8.4,2.51,4.63,0,0.57,15.54,100,2.66,24.81,3MB
9/4/2018 11:48,6.8,2.59,3.55,0,0.69,12.94,100,3.47,24.71,3MB
9/4/2018 11:48,6.48,2.57,3.01,0,0.72,12.05,100,3.71,24.66,3MB
9/4/2018 11:48,6.56,2.6,3.06,0,0.68,12.22,100,3.72,24.69,3MB
9/4/2018 11:48,5.37,2.35,3.35,0,0.75,11.07,100,4.09,24.55,3MB
9/4/2018 11:48,6.09,2.66,3.3,0,0.76,12.05,100,4.82,24.25,3MB
9/4/2018 11:48,4.41,2.67,3.77,0,0.79,10.86,100,4.87,24.26,3MB
9/4/2018 11:48,6.37,2.69,3.1,0,0.77,12.16,100,4.86,24.35,3MB
9/4/2018 11:48,4.44,2.7,3.65,0,0.83,10.8,100,5.39,24.05,3MB
9/4/2018 11:48,1.79,9.22,10.92,0,0.32,21.94,66.36,5.69,23.76,3MB
9/4/2018 11:48,3.81,6.58,7.73,0,0.76,18.13,89.64,5.07,23.84,
9/4/2018 11:48,4.23,3.57,4.46,0,0.82,12.26,100,4.04,24.04,
9/4/2018 11:48,5.78,2.6,3.45,0,0.74,11.84,100,3.2,24.43,
9/4/2018 11:48,6.36,2.52,3.29,0,0.72,12.17,100,2.47,24.64,
9/4/2018 11:48,8.26,2.95,4.12,0,0.57,15.33,100,1.94,24.71,
9/4/2018 11:49,9.45,2.66,4.18,0,0.54,16.29,100,1.19,24.79,
9/4/2018 11:49,6.85,2.79,5.63,0,0.6,15.27,100,0.3,24.9,
9/4/2018 11:49,11.72,2.79,4.17,0,0.48,18.69,100,-0.31,24.97,
9/4/2018 11:49,9.78,2.24,3.05,0,0.47,15.06,100,-0.81,25.16,
9/4/2018 11:49,0,0,0.66,0,0,0.66,96.84,-1.05,25.24,
9/4/2018 11:49,0,0,0,0,0,0,95.64,-1.11,25.15,
9/4/2018 11:49,0,0,0,0,0.51,0,80.55,-1.13,24.99,
9/4/2018 11:49,0,0.12,0,0,0.31,0.12,89.07,-1.13,24.86,
9/4/2018 11:49,0,1.21,0,0,0,1.21,97.53,-1.13,24.8,
9/4/2018 11:49,0,0,0,0,0,0,93.49,-1.13,24.76,
9/4/2018 11:49,0,4.51,0,0,0.1,4.51,97.69,-1.12,24.75,
9/4/2018 11:49,0,0.1,0,0.52,0.78,0.61,96.78,-1.12,24.73,
